,City,Cloudiness,Country,Date,Humidity,Lat,Lng,Temp Max,Wind Speed,Sunrise,Sunset,Day Length
0,dingle,80,PH,1540695385,70,11.0,122.67,28.85,2.41,1540676396,1540718766,11.769444444444444
1,dzhebariki-khaya,0,RU,1540695385,80,62.22,135.8,-9.18,1.61,1540678609,1540710195,8.773888888888889
2,castro,88,CL,1540695385,98,-42.48,-73.76,11.62,2.91,1540719864,1540769633,13.824722222222222
3,katsuura,75,JP,1540692000,62,33.93,134.5,15.0,8.2,1540675046,1540714420,10.937222222222223
4,sao gabriel da cachoeira,36,BR,1540695386,95,-0.13,-67.09,24.25,0.76,1540721313,1540764937,12.117777777777778
5,tuktoyaktuk,90,CA,1540692000,100,69.44,-133.03,-5.0,6.2,1540745990,1540771826,7.176666666666667
6,barrow,24,AR,1540695387,73,-38.31,-60.23,15.75,5.26,1540717052,1540765944,13.581111111111111
7,cape town,0,ZA,1540692000,87,-33.93,18.42,16.0,0.5,1540698590,1540746650,13.35
8,nichinan,20,JP,1540692000,40,31.65,131.31,20.0,7.2,1540675637,1540715361,11.034444444444444
9,saint-francois,90,FR,1540693800,70,46.42,3.91,6.0,4.1,1540707592,1540744541,10.26361111111111
10,upernavik,76,GL,1540695148,100,72.79,-56.15,-4.88,9.96,1540729738,1540751165,5.951944444444444
11,cidreira,80,BR,1540695388,96,-30.17,-50.22,16.87,3.41,1540715359,1540762821,13.18388888888889
12,norrtalje,0,SE,1540693200,86,59.76,18.7,1.0,4.1,1540706164,1540738849,9.079166666666667
13,bathsheba,40,BB,1540692000,88,13.22,-59.52,24.0,2.1,1540720256,1540762350,11.692777777777778
14,khatanga,44,RU,1540695389,92,71.98,102.47,0.57,6.56,1540690864,1540713909,6.401388888888889
15,bambanglipuro,48,ID,1540695389,87,-7.95,110.28,26.87,2.06,1540678307,1540722815,12.363333333333333
16,solnechnyy,48,RU,1540695390,78,50.72,136.64,2.95,3.96,1540676242,1540712178,9.982222222222223
17,hilo,75,US,1540691760,74,19.71,-155.08,27.0,3.6,1540743589,1540784880,11.469722222222222
18,meulaboh,24,ID,1540695391,100,4.14,96.13,26.75,1.26,1540682380,1540725525,11.984722222222222
19,arlit,88,NE,1540695391,46,18.74,7.39,26.25,1.31,1540704525,1540745963,11.510555555555555
20,naze,20,NG,1540692000,94,5.43,7.07,25.0,2.76,1540703827,1540746823,11.943333333333333
21,mahebourg,20,MU,1540692000,77,-20.41,57.7,18.0,2.1,1540690167,1540736203,12.787777777777778
22,new norfolk,75,AU,1540693800,62,-42.78,147.06,14.0,3.1,1540666887,1540716623,13.815555555555555
23,hithadhoo,92,MV,1540695392,100,-0.6,73.08,25.57,3.91,1540687648,1540731324,12.132222222222222
24,moree,44,AU,1540695392,44,-29.46,149.84,25.87,2.26,1540667430,1540714726,13.137777777777778
25,ambilobe,80,MG,1540695393,77,-13.19,49.05,19.0,2.01,1540692693,1540737823,12.536111111111111
26,ancud,92,CL,1540695393,97,-41.87,-73.83,11.95,3.21,1540719948,1540769581,13.786944444444444
27,rikitea,56,PF,1540695151,100,-23.12,-134.97,22.9,5.91,1540736205,1540782645,12.9
28,te anau,92,NZ,1540695394,100,-45.41,167.72,7.6,1.51,1540661630,1540711969,13.983055555555556
29,terme,0,TR,1540691400,87,41.21,36.97,6.0,2.1,1540699101,1540737169,10.574444444444444
30,thompson,75,CA,1540692000,98,55.74,-97.86,0.0,3.6,1540733378,1540767589,9.503055555555555
31,kapaa,40,US,1540691760,65,22.08,-159.32,29.0,6.2,1540744758,1540785744,11.385
32,egvekinot,80,RU,1540695395,71,66.32,-179.17,-14.51,1.06,1540755678,1540784294,7.948888888888889
33,georgetown,0,GY,1540692000,88,6.8,-58.16,26.0,1.0,1540719561,1540762398,11.899166666666666
34,rudnogorsk,0,RU,1540695396,67,57.27,103.75,2.45,2.16,1540685202,1540718995,9.386944444444444
35,punta arenas,75,CL,1540692000,53,-53.16,-70.91,10.0,13.4,1540717705,1540770452,14.651944444444444
36,yellowknife,90,CA,1540693980,92,62.45,-114.38,-1.0,3.6,1540738834,1540770050,8.671111111111111
37,severo-kurilsk,92,RU,1540695396,99,50.68,156.12,6.45,6.46,1540671555,1540707515,9.988888888888889
38,mataura,80,NZ,1540695397,96,-46.19,168.86,11.65,1.86,1540661260,1540711793,14.036944444444444
39,hope,90,CA,1540694280,87,49.38,-121.43,10.0,1.5,1540738070,1540774219,10.04138888888889
40,rawson,0,AR,1540695397,59,-43.3,-65.11,13.05,4.36,1540717698,1540767649,13.875277777777777
41,porto recanati,64,IT,1540695398,64,43.44,13.66,19.6,6.26,1540704923,1540742533,10.447222222222223
42,hovd,75,NO,1540693200,92,63.83,10.7,-4.0,2.1,1540709151,1540739694,8.484166666666667
43,torbay,75,CA,1540692000,80,47.66,-52.73,2.0,3.1,1540721347,1540757970,10.173055555555555
44,vaini,0,IN,1540695459,38,15.34,74.49,24.97,2.36,1540688212,1540730071,11.6275
45,teya,5,MX,1540691220,74,21.05,-89.07,27.0,5.1,1540727826,1540768958,11.425555555555556
46,jamestown,92,AU,1540695289,100,-33.21,138.6,14.35,1.91,1540669827,1540717728,13.305833333333334
47,mar del plata,8,AR,1540695460,60,-46.43,-67.52,12.75,2.96,1540717897,1540768613,14.087777777777777
48,puerto ayora,12,EC,1540695461,100,-0.74,-90.35,21.4,3.81,1540726861,1540770554,12.136944444444444
49,kodiak,1,US,1540691580,76,39.95,-94.76,13.0,2.1,1540730622,1540768877,10.626388888888888
50,airai,0,TL,1540695462,36,-8.93,125.41,31.45,0.96,1540674621,1540719241,12.394444444444444
51,haines junction,36,CA,1540695462,94,60.75,-137.51,-5.88,0.96,1540743954,1540776035,8.911388888888888
52,port hardy,90,CA,1540692000,81,50.7,-127.42,9.0,10.3,1540739688,1540775474,9.940555555555555
53,nosy varika,20,MG,1540695463,100,-20.58,48.53,20.3,2.51,1540692356,1540738416,12.794444444444444
54,axim,20,GH,1540695463,100,4.87,-2.24,26.9,3.66,1540706030,1540749089,11.960833333333333
55,sao filipe,24,CV,1540695463,100,14.9,-24.5,25.2,5.56,1540711949,1540753848,11.63861111111111
56,namibe,20,AO,1540695464,86,-15.19,12.15,25.4,4.76,1540701425,1540746804,12.605277777777777
57,geraldton,90,CA,1540692000,80,49.72,-86.95,2.0,2.1,1540729831,1540765908,10.02138888888889
58,quatre cocos,20,MU,1540692000,77,-20.21,57.76,18.0,2.1,1540690166,1540736176,12.780555555555555
59,qaanaaq,0,GL,1540695465,100,77.48,-69.36,-22.16,4.31,1540742235,1540744984,0.7636111111111111
60,yerbogachen,8,RU,1540695465,85,61.28,108.01,0.5,3.16,1540685050,1540717094,8.901111111111112
61,tiksi,56,RU,1540695465,77,71.64,128.87,-8.01,8.01,1540684259,1540707843,6.551111111111111
62,tokur,92,RU,1540695466,56,53.13,132.9,5.22,3.91,1540677488,1540712723,9.7875
63,atuona,0,PF,1540695442,100,-9.8,-139.03,26.4,7.71,1540738022,1540782765,12.428611111111111
64,evensk,0,RU,1540695466,100,61.92,159.24,0.62,1.26,1540672894,1540704660,8.823888888888888
65,kavaratti,0,IN,1540695466,96,10.57,72.64,30.2,1.41,1540688380,1540730795,11.781944444444445
66,hermanus,0,ZA,1540695467,87,-34.42,19.24,15.05,1.26,1540698350,1540746496,13.373888888888889
67,ushuaia,40,AR,1540692000,52,-54.81,-68.31,8.0,7.2,1540716781,1540770134,14.820277777777777
68,agnibilekrou,64,CI,1540695467,97,7.13,-3.2,22.62,1.51,1540706388,1540749191,11.889722222222222
69,albany,90,US,1540693920,80,42.65,-73.75,7.0,10.8,1540725839,1540763573,10.481666666666667
70,dikson,92,RU,1540695468,100,73.51,80.55,-3.03,15.01,1540697435,1540717851,5.671111111111111
71,busselton,32,AU,1540695286,90,-33.64,115.35,19.1,2.31,1540675367,1540723348,13.328055555555556
72,hobart,75,AU,1540693800,54,-42.88,147.33,14.0,3.1,1540666811,1540716569,13.821666666666667
73,fairbanks,90,US,1540692360,93,64.84,-147.72,0.0,1.31,1540747580,1540777301,8.255833333333333
74,saint george,0,GR,1540691400,93,39.45,22.34,12.0,2.1,1540702450,1540740844,10.665
75,tilichiki,92,RU,1540695469,97,60.47,166.1,2.85,2.01,1540670888,1540703376,9.024444444444445
76,shimoda,20,JP,1540692000,68,34.7,138.93,19.0,2.1,1540674043,1540713295,10.903333333333334
77,leningradskiy,0,RU,1540695470,100,69.38,178.42,-10.13,2.11,1540670976,1540697352,7.326666666666667
78,kununurra,0,AU,1540693800,17,-15.77,128.74,40.0,3.1,1540673417,1540718852,12.620833333333334
79,nouadhibou,44,MR,1540692000,83,20.93,-17.03,21.0,6.2,1540710523,1540751683,11.433333333333334
80,vardo,90,US,1540694400,81,39.62,-77.74,10.0,1.41,1540726503,1540764827,10.645555555555555
81,coahuayana,24,MX,1540695472,75,18.62,-100.35,20.25,1.36,1540730382,1540771818,11.51
82,kavieng,44,PG,1540695401,100,-2.57,150.8,28.82,2.41,1540668887,1540712783,12.193333333333333
83,port elizabeth,90,US,1540693440,100,39.31,-74.98,10.0,4.6,1540725812,1540764194,10.661666666666667
84,norman wells,90,CA,1540694580,92,65.28,-126.83,-5.0,2.1,1540742705,1540772148,8.178611111111111
85,golden,12,CA,1540695473,81,51.3,-116.96,-7.03,0.51,1540737260,1540772882,9.895
86,hervey bay,0,AU,1540695474,79,-25.3,152.85,26.45,4.11,1540667012,1540713694,12.967222222222222
87,katangli,0,RU,1540695534,82,51.71,143.23,9.37,3.21,1540674796,1540710459,9.90638888888889
88,los llanos de aridane,90,ES,1540693800,88,28.66,-17.92,19.0,6.7,1540711253,1540751375,11.145
89,taganak,75,PH,1540692000,62,6.08,118.3,32.0,1.5,1540677168,1540720095,11.924166666666666
90,aberdeen,20,US,1540691580,75,45.47,-98.49,8.0,6.7,1540732084,1540769199,10.309722222222222
91,east london,36,ZA,1540695542,100,-33.02,27.91,20.37,9.06,1540696390,1540744293,13.30638888888889
92,chokurdakh,76,RU,1540695490,79,70.62,147.9,-10.68,4.81,1540679015,1540703957,6.928333333333334
93,saint-augustin,0,FR,1540693800,80,44.83,-0.61,5.0,4.1,1540708499,1540745805,10.362777777777778
94,saskylakh,92,RU,1540695543,91,71.97,114.09,-1.26,9.01,1540688057,1540711138,6.411388888888889
95,araouane,0,ML,1540695544,27,18.9,-3.53,16.2,1.31,1540707156,1540748573,11.504722222222222
96,sitka,0,US,1540695447,44,37.17,-99.65,13.5,3.66,1540731546,1540770303,10.765833333333333
97,zhigansk,88,RU,1540695544,78,66.77,123.37,-6.36,6.91,1540683058,1540711700,7.956111111111111
98,lagoa,0,PT,1540693800,62,37.14,-8.45,12.0,8.2,1540709640,1540748435,10.776388888888889
99,revelstoke,90,CA,1540693680,100,50.99,-118.19,5.0,0.71,1540737511,1540773221,9.919444444444444
100,pevek,36,RU,1540695545,100,69.7,170.27,-8.91,5.66,1540673106,1540699132,7.229444444444445
101,dzaoudzi,20,YT,1540693800,88,-12.79,45.27,24.0,1.5,1540693623,1540738706,12.523055555555555
102,sayyan,0,YE,1540695546,74,15.17,44.32,2.47,0.91,1540695445,1540737320,11.631944444444445
103,ilulissat,36,GL,1540691400,86,69.22,-51.1,-1.0,2.1,1540726150,1540752343,7.275833333333333
104,bonfim,0,GY,1540695547,54,3.36,-59.84,29.8,6.56,1540719770,1540762998,12.007777777777777
105,balikpapan,20,ID,1540695547,99,-1.24,116.86,28.9,1.91,1540677106,1540720853,12.151944444444444
106,nikolskoye,75,RU,1540692000,93,59.7,30.79,2.0,7.0,1540703245,1540735966,9.089166666666667
107,limoges,0,FR,1540693800,84,45.84,1.26,3.0,5.7,1540708162,1540745243,10.300277777777778
108,divnomorskoye,0,RU,1540695548,76,44.5,38.13,16.22,5.71,1540699157,1540736553,10.387777777777778
109,butaritari,12,KI,1540695548,100,3.07,172.79,29.87,5.26,1540663923,1540707189,12.018333333333333
110,longyearbyen,75,NO,1540691400,73,78.22,15.63,-7.0,4.1,0,0,0.0
111,lazaro cardenas,5,MX,1540690980,51,28.39,-105.62,16.0,1.5,1540732292,1540772430,11.149444444444445
112,souillac,0,FR,1540693800,80,45.6,-0.6,4.0,4.1,1540708582,1540745716,10.315
113,tumut,44,AU,1540695549,56,-35.3,148.22,17.8,1.26,1540667342,1540715599,13.404722222222222
114,lebu,0,ET,1540695416,85,8.96,38.73,3.85,1.16,1540696428,1540739025,11.8325
115,victoria,75,BN,1540693800,94,5.28,115.24,30.0,0.5,1540677857,1540720875,11.949444444444444
116,bukama,36,CD,1540695550,83,-9.2,25.85,21.07,1.31,1540698494,1540743154,12.405555555555555
117,dondo,0,MZ,1540695550,82,-19.62,34.74,19.95,1.16,1540695727,1540741663,12.76
118,pacific grove,1,US,1540694100,60,36.62,-121.92,21.0,4.1,1540736847,1540775691,10.79
119,kulhudhuffushi,68,MV,1540695551,100,6.62,73.07,27.6,0.76,1540688054,1540730918,11.906666666666666
120,sol-iletsk,20,RU,1540695551,86,51.16,55.0,-1.41,3.31,1540695920,1540731685,9.934722222222222
121,phuket,20,TH,1540693800,70,7.89,98.4,29.0,2.6,1540682045,1540724768,11.8675
122,vodnany,92,CZ,1540695552,99,49.15,14.18,3.35,5.36,1540705458,1540741742,10.078888888888889
123,avarua,90,CK,1540692000,94,-21.21,-159.78,23.0,4.6,1540742287,1540788469,12.828333333333333
124,kysyl-syr,76,RU,1540695553,86,63.9,122.77,-6.51,2.86,1540682218,1540712836,8.505
125,hamilton,75,BM,1540691700,69,32.3,-64.78,24.0,8.7,1540722775,1540762342,10.990833333333333
126,fortuna,20,ES,1540693800,66,38.18,-1.13,14.0,7.2,1540707973,1540746588,10.72638888888889
127,yanam,0,IN,1540695554,63,16.73,82.22,28.95,6.56,1540686439,1540728133,11.581666666666667
128,anastacio,44,BR,1540695554,93,-20.48,-55.81,21.35,1.31,1540717393,1540763459,12.796111111111111
129,oudtshoorn,90,ZA,1540692600,100,-33.59,22.2,15.0,2.6,1540697711,1540745713,13.33388888888889
130,linxia,20,CN,1540695285,73,35.6,103.21,5.5,1.36,1540682694,1540721788,10.859444444444444
131,glenwood springs,1,US,1540693800,59,39.55,-107.33,14.0,4.6,1540733604,1540771929,10.645833333333334
132,manzanillo,80,CU,1540695556,100,20.34,-77.12,27.22,5.26,1540724912,1540766137,11.45138888888889
133,provideniya,24,RU,1540695557,100,64.42,-173.23,-3.03,1.71,1540753577,1540783548,8.325277777777778
134,puerto carreno,12,CO,1540695557,93,6.19,-67.49,21.95,1.31,1540721765,1540764672,11.918611111111112
135,babayurt,0,RU,1540695617,79,43.6,46.78,3.5,2.01,1540696984,1540734575,10.441944444444445
136,bichena,0,ET,1540695618,77,10.45,38.2,6.6,0.61,1540696640,1540739066,11.785
137,burns lake,64,CA,1540695687,77,54.23,-125.76,4.32,3.61,1540739825,1540774536,9.641944444444444
138,vila velha,20,BR,1540695600,78,-3.71,-38.6,26.0,3.6,1540714274,1540758304,12.230555555555556
139,vidim,40,CZ,1540693800,93,50.47,14.53,5.0,3.6,1540705549,1540741482,9.981388888888889
140,iquique,75,CL,1540692000,77,-20.22,-70.14,18.0,4.6,1540720848,1540766882,12.787222222222223
141,auki,0,NG,1540695689,84,12.18,6.51,21.87,1.26,1540704346,1540746569,11.72861111111111
142,zhanakorgan,12,KZ,1540695621,64,43.91,67.25,8.35,7.61,1540692100,1540729634,10.426111111111112
143,ambulu,64,ID,1540695621,95,-8.35,113.61,26.45,2.56,1540677485,1540722039,12.376111111111111
144,cabedelo,20,BR,1540692000,78,-6.97,-34.84,25.0,2.1,1540713186,1540757590,12.334444444444445
145,port alfred,36,ZA,1540695622,97,-33.59,26.89,19.5,6.26,1540696587,1540744587,13.333333333333334
146,yendi,44,GH,1540695623,93,9.45,0.0,22.9,1.31,1540705752,1540748290,11.81611111111111
147,darab,68,IR,1540695623,92,28.75,54.55,9.75,0.96,1540693859,1540733985,11.14611111111111
148,kaitangata,92,NZ,1540695624,100,-46.28,169.85,9.25,3.56,1540661012,1540711567,14.043055555555556
149,mathathane,0,BW,1540695625,76,-22.27,28.75,12.7,1.26,1540696989,1540743279,12.858333333333333
150,lavrentiya,0,RU,1540695625,100,65.58,-170.99,-1.28,6.81,1540753435,1540782613,8.105
151,ponta do sol,48,BR,1540695457,90,-20.63,-46.0,19.82,2.71,1540715030,1540761114,12.801111111111112
152,redwater,90,CA,1540692000,52,53.95,-113.11,6.0,1.5,1540736739,1540771551,9.67
153,isangel,0,VU,1540695627,100,-19.55,169.27,24.6,2.31,1540663457,1540709362,12.751388888888888
154,atikokan,88,CA,1540695627,99,48.76,-91.62,5.85,3.06,1540730828,1540767154,10.090555555555556
155,arraial do cabo,88,BR,1540695627,97,-22.97,-42.02,22.6,5.76,1540713918,1540760318,12.88888888888889
156,dong xoai,8,VN,1540695628,75,11.53,106.92,30.45,2.96,1540680207,1540722514,11.751944444444444
157,meridian,1,US,1540691880,93,32.36,-88.7,13.0,1.06,1540728523,1540768074,10.98638888888889
158,urusha,80,RU,1540695629,46,54.05,122.9,-0.96,5.96,1540680036,1540714974,9.705
159,octeville,75,FR,1540693800,81,49.63,-1.64,8.0,8.2,1540709321,1540745471,10.041666666666666
160,lodwar,68,KE,1540695629,81,3.12,35.6,22.6,2.21,1540696851,1540740108,12.015833333333333
161,athabasca,56,CA,1540695630,61,54.72,-113.29,4.62,3.91,1540736910,1540771465,9.598611111111111
162,trinidad,12,UY,1540695331,69,-33.52,-56.9,13.6,3.46,1540716688,1540764703,13.3375
163,laguna,5,MX,1540691220,50,27.52,-110.01,26.0,1.0,1540733285,1540773545,11.183333333333334
164,hami,0,CN,1540695630,42,42.84,93.51,9.3,4.16,1540685681,1540723450,10.491388888888888
165,sorong,0,ID,1540695631,96,-0.86,131.25,29.32,5.26,1540673674,1540717378,12.14
166,imbituba,75,BR,1540692000,93,-28.24,-48.67,17.0,4.6,1540715136,1540762298,13.100555555555555
167,karratha,0,AU,1540695632,26,-20.74,116.85,35.47,3.01,1540675956,1540722025,12.796944444444444
168,port lincoln,92,AU,1540695632,84,-34.72,135.86,17.8,3.56,1540670357,1540718516,13.3775
169,havelock,90,US,1540695240,100,34.88,-76.9,16.0,2.6,1540725890,1540765042,10.875555555555556
170,san juan,20,PR,1540691760,78,18.47,-66.12,27.0,3.1,1540722155,1540763615,11.516666666666667
171,sola,0,NO,1540693200,86,58.89,5.65,1.0,1.0,1540709112,1540742167,9.181944444444444
172,esperance,0,TT,1540692000,88,10.24,-61.45,24.0,2.26,1540720547,1540762989,11.789444444444445
173,faya,0,SA,1540692000,93,18.39,42.45,16.0,1.56,1540696087,1540737573,11.523888888888889
174,kayerkan,80,RU,1540695637,92,69.35,87.76,-1.51,11.36,1540692787,1540719055,7.296666666666667
175,tongchuan,0,CN,1540692000,29,34.9,108.95,17.0,1.0,1540681259,1540720469,10.891666666666667
176,constitucion,20,MX,1540690920,63,23.99,-104.67,16.0,3.1,1540731762,1540772507,11.318055555555556
177,nanakuli,1,US,1540691820,65,21.39,-158.15,29.0,5.7,1540744432,1540785508,11.41
178,tecoanapa,40,MX,1540691160,78,16.99,-99.26,28.0,2.1,1540730021,1540771658,11.565833333333334
179,madimba,75,CM,1540692000,94,4.42,9.93,26.0,1.0,1540703084,1540746195,11.975277777777778
180,buala,32,SB,1540695698,97,-8.15,159.59,28.8,1.56,1540666464,1540710992,12.36888888888889
181,deputatskiy,0,RU,1540695699,63,69.3,139.9,-20.21,2.21,1540680209,1540706607,7.332777777777777
182,luoyang,0,CN,1540695699,33,34.66,112.42,18.82,5.81,1540680406,1540719656,10.902777777777779
183,puerto escondido,20,MX,1540691100,74,15.86,-97.07,28.0,2.56,1540729427,1540771201,11.60388888888889
184,tasiilaq,76,GL,1540695000,86,65.61,-37.64,-1.0,7.7,1540721365,1540750677,8.142222222222221
185,touros,8,BR,1540695564,96,-5.2,-35.46,23.7,4.01,1540713436,1540757636,12.277777777777779
186,mawlaik,92,MM,1540695700,91,23.63,94.42,21.9,1.31,1540683939,1540724773,11.342777777777778
187,weligama,56,LK,1540695700,100,5.97,80.42,26.5,5.31,1540686253,1540729191,11.927222222222222
188,salinopolis,76,BR,1540695700,95,-0.61,-47.36,27.7,5.41,1540716551,1540760229,12.132777777777777
189,saint-philippe,90,CA,1540694820,97,45.36,-73.48,2.0,7.7,1540726063,1540763216,10.320277777777777
190,la roche-sur-yon,0,FR,1540693800,94,46.67,-1.43,3.0,3.6,1540708904,1540745791,10.24638888888889
191,maxixe,8,MZ,1540695702,100,-23.86,35.35,18.85,3.91,1540695297,1540741804,12.918611111111112
192,baghmara,20,IN,1540695702,59,23.8,86.21,24.55,1.96,1540685921,1540726731,11.33611111111111
193,clyde river,1,CA,1540692000,84,70.47,-68.59,-17.0,7.2,1540731062,1540755821,6.8775
194,half moon bay,75,US,1540691760,82,37.46,-122.43,22.0,9.8,1540737042,1540775740,10.749444444444444
195,lata,0,IN,1540695703,62,30.78,78.62,8.7,1.01,1540688225,1540728064,11.06638888888889
196,inhambane,8,MZ,1540695703,100,-23.87,35.38,18.85,3.91,1540695289,1540741798,12.919166666666667
197,sisimiut,92,GL,1540695703,100,66.94,-53.67,-4.28,0.86,1540725726,1540754006,7.855555555555555
198,ribeira grande,8,PT,1540695704,100,38.52,-28.7,19.37,6.61,1540714625,1540753168,10.706388888888888
199,shu,36,KZ,1540695704,39,43.6,73.76,19.57,10.51,1540690504,1540728106,10.445
200,mount isa,64,AU,1540693800,12,-20.73,139.49,35.0,1.5,1540670525,1540716589,12.795555555555556
201,bethel,40,US,1540691580,55,60.79,-161.76,1.0,8.2,1540749795,1540781833,8.899444444444445
202,zlatoust,68,RU,1540695705,71,55.17,59.68,-1.13,4.51,1540695415,1540729937,9.589444444444444
203,tosya,0,TR,1540695706,72,41.02,34.04,-5.53,0.71,1540699787,1540737890,10.584166666666667
204,kishi,44,NG,1540695706,96,9.08,3.85,21.75,1.61,1540704807,1540747387,11.827777777777778
205,kargil,12,PK,1540695706,66,34.56,76.13,-23.46,0.66,1540689114,1540728368,10.903888888888888
206,nanortalik,88,GL,1540695707,94,60.14,-45.24,1.62,6.26,1540721625,1540754078,9.014722222222222
207,labuhan,12,ID,1540695707,78,-2.54,115.51,29.07,1.06,1540677358,1540721251,12.1925
208,taltal,0,CL,1540695707,93,-25.41,-70.49,12.6,0.86,1540720577,1540767326,12.985833333333334
209,anchorage,90,US,1540691760,75,61.22,-149.89,8.0,1.26,1540747048,1540778882,8.842777777777778
210,raudeberg,12,NO,1540693200,100,61.99,5.14,0.0,1.5,1540709969,1540741549,8.772222222222222
211,pak phanang,20,TH,1540692000,74,8.35,100.2,31.0,1.5,1540681639,1540724310,11.853055555555555
212,tuatapere,88,NZ,1540695709,100,-46.13,167.69,9.5,0.91,1540661548,1540712067,14.033055555555556
213,high rock,80,BS,1540695709,100,26.63,-78.28,27.12,2.41,1540725604,1540765997,11.220277777777778
214,riyadh,75,SA,1540692000,82,24.63,46.72,20.0,3.6,1540695457,1540736149,11.303333333333333
215,krasnolesnyy,90,RU,1540693800,93,51.88,39.59,10.0,5.0,1540699725,1540735275,9.875
216,twin falls,1,US,1540691580,81,42.57,-114.46,14.0,3.1,1540735610,1540773342,10.481111111111112
217,palora,80,EC,1540695710,98,-1.7,-77.97,16.1,0.86,1540723836,1540767637,12.166944444444445
218,maragogi,64,BR,1540695663,96,-9.01,-35.22,23.05,4.11,1540713159,1540757801,12.400555555555556
219,old town,40,CZ,1540693800,93,50.08,14.42,5.0,3.6,1540705522,1540741561,10.010833333333334
220,san cristobal,75,EC,1540692000,76,-0.39,-78.55,12.0,3.6,1540724049,1540767702,12.125833333333333
221,toora-khem,0,RU,1540695712,77,52.47,96.11,-4.46,0.71,1540686230,1540721641,9.836388888888889
222,torres,80,BR,1540695712,100,-29.34,-49.73,17.05,4.71,1540715306,1540762638,13.147777777777778
223,buritis,32,BR,1540695713,93,-15.62,-46.42,20.37,1.11,1540715450,1540760891,12.6225
224,erenhot,36,CN,1540695773,49,43.65,111.97,6.72,9.66,1540681330,1540718940,10.447222222222223
225,bluff,0,AU,1540695773,27,-23.58,149.07,38.37,2.11,1540668037,1540714481,12.901111111111112
226,sim,0,BR,1540695773,65,-12.25,-38.93,24.82,5.26,1540713858,1540758885,12.5075
227,wawa,20,NG,1540695774,93,9.9,4.41,22.47,1.31,1540704719,1540747205,11.801666666666666
228,grindavik,90,IS,1540693800,100,63.84,-22.43,6.0,16.5,1540717123,1540747623,8.472222222222221
229,komsomolskiy,68,RU,1540695774,84,67.55,63.78,-5.28,2.71,1540697716,1540725642,7.7572222222222225
230,peniche,40,PT,1540693800,81,39.36,-9.38,9.0,2.6,1540710061,1540748459,10.66611111111111
231,severo-yeniseyskiy,80,RU,1540695775,58,60.37,93.04,5.72,4.36,1540688432,1540720899,9.018611111111111
232,bang lamung,40,TH,1540693800,70,12.97,100.91,29.0,1.5,1540681732,1540723873,11.705833333333333
233,kailua,75,US,1540691820,74,21.39,-157.74,29.0,4.1,1540744334,1540785410,11.41
234,amahai,0,ID,1540695776,100,-3.31,129.0,28.4,1.96,1540674077,1540718057,12.216666666666667
235,kruisfontein,0,ZA,1540695776,85,-34.0,24.73,16.47,5.81,1540697070,1540745141,13.353055555555555
236,petropavlovsk-kamchatskiy,75,RU,1540693800,75,53.05,158.65,8.0,3.0,1540671289,1540706564,9.79861111111111
237,kahului,40,US,1540691760,74,20.89,-156.47,28.0,10.3,1540743997,1540785137,11.427777777777777
238,kamojima,75,JP,1540692000,62,34.07,134.35,15.0,8.2,1540675093,1540714444,10.930833333333334
239,nokaneng,44,BW,1540695778,20,-19.66,22.19,21.2,6.46,1540698735,1540744679,12.762222222222222
240,oxelosund,90,SE,1540693200,86,58.67,17.1,2.0,5.1,1540706313,1540739471,9.210555555555555
241,mersing,36,MY,1540695701,92,2.43,103.84,29.5,2.31,1540680435,1540723771,12.037777777777778
242,vanavara,0,RU,1540695779,87,60.35,102.28,0.57,3.31,1540686205,1540718691,9.023888888888889
243,sioux lookout,90,CA,1540692000,93,50.1,-91.92,6.0,3.1,1540731076,1540767048,9.992222222222223
244,redding,1,US,1540694100,54,40.59,-122.39,21.0,1.21,1540737319,1540775441,10.589444444444444
245,sabha,0,LY,1540695780,79,27.03,14.43,13.0,1.66,1540703372,1540743730,11.210555555555555
246,yarada,8,IN,1540695781,100,17.65,83.27,28.0,8.41,1540686242,1540727825,11.550833333333333
247,maceio,0,BR,1540695600,88,-9.67,-35.74,22.0,2.1,1540713245,1540757965,12.422222222222222
248,bani walid,0,LY,1540695781,82,31.76,14.0,11.37,1.56,1540703816,1540743489,11.020277777777778
249,pangai,100,TO,1540695781,100,-19.8,-174.35,23.6,5.26,1540745876,1540791872,12.776666666666667
250,ilinskiy,90,RU,1540693800,93,55.62,38.12,6.0,4.0,1540700675,1540735025,9.541666666666666
251,kamenka,92,RU,1540695504,96,53.19,44.05,3.72,7.86,1540698850,1540734008,9.766111111111112
252,de aar,0,ZA,1540695782,35,-30.65,24.01,13.07,1.96,1540697517,1540745035,13.199444444444444
253,bara,0,NG,1540695782,78,10.41,10.6,22.95,0.51,1540703262,1540745691,11.785833333333333
254,bonavista,8,CA,1540695537,100,48.65,-53.11,2.82,3.41,1540721561,1540757937,10.104444444444445
255,keffi,0,NG,1540692000,88,8.85,7.88,22.0,2.6,1540703826,1540746433,11.835277777777778
256,alofi,92,NU,1540692000,88,-19.06,-169.92,26.0,2.1,1540744861,1540790760,12.749722222222223
257,cerrito,40,CO,1540692000,100,6.84,-72.7,21.0,1.5,1540723053,1540765885,11.897777777777778
258,chernyshevskiy,92,RU,1540695784,92,63.01,112.47,-1.01,4.11,1540684436,1540715564,8.646666666666667
259,tshane,0,BW,1540695784,31,-24.02,21.87,17.85,4.56,1540698520,1540745052,12.925555555555556
260,bredasdorp,68,ZA,1540692000,88,-34.53,20.04,19.0,5.1,1540698149,1540746314,13.379166666666666
261,griffith,88,AU,1540695785,46,-34.29,146.06,20.8,2.41,1540667947,1540716029,13.356111111111112
262,chuy,64,UY,1540695533,90,-33.69,-53.46,14.75,3.41,1540715848,1540763891,13.345277777777778
263,padang,20,ID,1540695786,100,-0.92,100.36,27.05,1.96,1540681084,1540724795,12.141944444444444
264,campagna,75,IT,1540691700,76,40.66,15.11,10.0,8.7,1540704300,1540742464,10.601111111111111
265,dire dawa,0,ET,1540695787,90,9.59,41.86,8.9,1.66,1540695712,1540738237,11.8125
266,gamba,0,CN,1540695848,64,28.28,88.52,-11.43,0.71,1540685669,1540725871,11.167222222222222
267,aswan,0,EG,1540692000,34,24.09,32.9,18.0,4.1,1540698739,1540739500,11.3225
268,kindersley,20,CA,1540692000,59,51.47,-109.16,2.0,6.7,1540735410,1540770987,9.8825
269,tatarsk,92,RU,1540695849,76,55.22,75.96,10.87,3.86,1540691511,1540726027,9.587777777777777
270,beringovskiy,80,RU,1540695850,100,63.05,179.32,-0.28,3.01,1540668370,1540699543,8.659166666666666
271,barra,36,BR,1540695850,52,-11.09,-43.14,27.32,1.51,1540714937,1540759826,12.469166666666666
272,cap-aux-meules,90,CA,1540692000,60,47.38,-61.86,4.0,5.7,1540723507,1540760193,10.190555555555555
273,kaeo,76,NZ,1540695851,64,-35.1,173.78,18.57,5.91,1540661230,1540709443,13.3925
274,ostrovnoy,56,RU,1540695851,81,68.05,39.51,-4.06,5.56,1540703776,1540731230,7.626111111111111
275,cockburn town,92,TC,1540695670,100,21.46,-71.14,27.7,3.96,1540723548,1540764630,11.411666666666667
276,westport,0,IE,1540695852,100,53.8,-9.52,3.55,2.96,1540711820,1540746749,9.7025
277,hargeysa,80,SO,1540695852,91,9.56,44.06,17.0,1.71,1540695182,1540737711,11.813611111111111
278,sylva,90,US,1540695240,75,35.37,-83.23,8.0,7.7,1540727450,1540766519,10.8525
279,yining,0,CN,1540695852,34,29.04,114.56,20.8,1.41,1540679470,1540719571,11.139166666666666
280,benghazi,20,LY,1540693200,55,32.12,20.07,19.0,14.4,1540702386,1540742005,11.005277777777778
281,porto novo,75,BR,1540695600,88,-23.68,-45.44,19.0,3.1,1540714690,1540761189,12.91638888888889
282,maniitsoq,88,GL,1540695853,97,65.42,-52.9,0.65,9.06,1540724969,1540754398,8.174722222222222
283,cabo san lucas,5,MX,1540691100,78,22.89,-109.91,26.0,1.76,1540732948,1540773838,11.358333333333333
284,punghina,0,RO,1540695854,81,44.28,22.94,11.12,2.31,1540702783,1540740218,10.39861111111111
285,vila franca do campo,75,PT,1540693800,63,37.72,-25.43,17.0,4.6,1540713769,1540752456,10.74638888888889
286,pelham,1,US,1540691580,93,33.29,-86.81,10.0,1.41,1540728142,1540767547,10.945833333333333
287,agutaya,44,PH,1540695854,100,11.15,120.94,29.07,6.81,1540676820,1540719172,11.764444444444445
288,codrington,48,AU,1540695766,60,-28.95,153.24,22.72,3.01,1540666653,1540713870,13.115833333333333
289,viedma,0,AR,1540695855,67,-40.81,-62.99,14.35,3.66,1540717462,1540766863,13.7225
290,moose factory,1,CA,1540692000,79,51.26,-80.61,-2.0,3.1,1540728520,1540764174,9.903888888888888
291,bubaque,0,GW,1540695856,100,11.28,-15.83,28.12,1.96,1540709656,1540751982,11.757222222222222
292,zyryanka,0,RU,1540695856,73,65.73,150.89,-11.78,1.26,1540676052,1540705500,8.18
293,sinnamary,92,GF,1540695856,98,5.38,-52.96,27.05,2.76,1540718232,1540761231,11.944166666666666
294,gunjur,40,GM,1540692000,94,13.18,-16.76,25.0,1.0,1540709990,1540752093,11.695277777777777
295,nioki,44,CD,1540695857,97,-2.72,17.69,23.95,0.91,1540700822,1540744738,12.198888888888888
296,chandbali,0,IN,1540695858,100,20.77,86.74,27.15,1.81,1540685601,1540726799,11.443888888888889
297,bani,8,PH,1540695858,78,15.89,120.27,29.25,3.91,1540677255,1540719055,11.61111111111111
298,shemysheyka,92,RU,1540695859,94,52.89,45.39,2.45,7.11,1540698482,1540733733,9.791944444444445
299,ahipara,80,NZ,1540695860,86,-35.17,173.16,16.1,5.91,1540661372,1540709598,13.39611111111111
300,grivenskaya,24,RU,1540695860,80,45.65,38.16,11.75,5.21,1540699277,1540736418,10.316944444444445
301,bela vista de goias,20,BR,1540692000,88,-16.97,-48.95,22.0,2.1,1540715973,1540761583,12.669444444444444
302,aklavik,90,CA,1540692000,92,68.22,-135.01,-5.0,2.1,1540745858,1540772913,7.5152777777777775
303,zhanaozen,0,KZ,1540695861,79,43.35,52.85,-0.61,1.31,1540695501,1540733145,10.456666666666667
304,oktyabrskiy,90,RU,1540693800,93,55.61,37.97,6.0,4.0,1540700709,1540735063,9.542777777777777
305,svetlogorsk,75,RU,1540693800,85,53.14,59.15,0.0,5.0,1540695214,1540730396,9.772777777777778
306,ewa beach,40,US,1540691820,58,21.32,-158.01,29.0,4.6,1540744394,1540785479,11.4125
307,notodden,0,NO,1540693200,68,59.56,9.26,-1.0,4.1,1540708390,1540741155,9.10138888888889
308,adwa,0,ET,1540695863,92,14.16,38.9,8.1,1.11,1540696686,1540738681,11.665277777777778
309,jiexiu,0,CN,1540695863,59,37.02,111.92,11.47,4.56,1540680721,1540719579,10.793888888888889
310,paraiso,20,MX,1540690920,63,24.01,-104.61,16.0,3.1,1540731749,1540772492,11.3175
311,sabang,68,PH,1540695924,90,13.72,123.58,27.37,8.61,1540676334,1540718389,11.681944444444444
312,hailey,40,US,1540691580,50,43.52,-114.32,14.0,3.1,1540735675,1540773209,10.426111111111112
313,abu kamal,0,SY,1540695924,78,34.45,40.92,5.45,2.31,1540697560,1540736821,10.905833333333334
314,tiznit,56,MA,1540695925,100,29.7,-9.73,17.25,3.76,1540709362,1540749334,11.103333333333333
315,itigi,32,TZ,1540695925,86,-5.7,34.5,16.45,3.26,1540696620,1540740874,12.292777777777777
316,acapulco,40,MX,1540691160,78,16.86,-99.88,28.0,2.1,1540730162,1540771814,11.57
317,la ronge,90,CA,1540692000,100,55.1,-105.3,1.0,3.1,1540735055,1540769484,9.563611111111111
318,flin flon,92,CA,1540695636,100,54.77,-101.88,1.95,3.06,1540734176,1540768722,9.596111111111112
319,hibbing,90,US,1540694100,93,47.43,-92.94,6.0,3.6,1540730980,1540767637,10.1825
320,rio de janeiro,75,BR,1540692000,69,-22.91,-43.21,25.0,5.7,1540714208,1540760599,12.886388888888888
321,shingu,40,JP,1540692000,52,33.72,135.99,19.0,4.6,1540674672,1540714079,10.946388888888889
322,pinega,36,RU,1540695926,79,64.7,43.39,-9.03,1.16,1540701563,1540731589,8.340555555555556
323,ugoofaaru,88,MV,1540695927,100,5.67,73.0,25.55,3.61,1540688017,1540730989,11.936666666666667
324,sederot,0,IL,1540693200,45,31.52,34.6,17.0,2.6,1540698851,1540738566,11.031944444444445
325,broome,56,GB,1540695360,93,52.47,1.45,6.0,7.2,1540708978,1540744328,9.819444444444445
326,lasa,0,CY,1540693800,67,34.92,32.53,15.0,4.1,1540699613,1540738794,10.883611111111112
327,torrington,1,US,1540695180,70,42.06,-104.18,8.0,3.6,1540733089,1540770929,10.511111111111111
328,klaksvik,88,FO,1540695000,100,62.23,-6.59,0.0,1.96,1540712854,1540744294,8.733333333333333
329,richards bay,80,ZA,1540695929,99,-28.77,32.06,18.62,1.56,1540695732,1540742954,13.117222222222223
330,coldwater,90,US,1540694400,75,41.94,-85.0,7.0,1.5,1540728470,1540766342,10.52
331,sistranda,20,NO,1540691400,85,63.73,8.83,-4.0,3.1,1540709572,1540740171,8.499722222222223
332,rocha,0,UY,1540695930,96,-34.48,-54.34,10.6,1.31,1540715991,1540764172,13.383611111111112
333,samarai,80,PG,1540695931,100,-10.62,150.67,26.5,4.46,1540668462,1540713277,12.448611111111111
334,bambous virieux,20,MU,1540692000,77,-20.34,57.76,18.0,2.1,1540690157,1540736184,12.785277777777777
335,borogontsy,56,RU,1540695932,81,62.67,131.17,-9.28,1.66,1540679844,1540711180,8.704444444444444
336,pisco,75,PE,1540692000,82,-13.71,-76.2,18.0,5.7,1540722712,1540767921,12.558055555555555
337,guerrero negro,0,MX,1540695933,76,27.97,-114.04,20.72,3.71,1540734284,1540774479,11.165277777777778
338,yar-sale,88,RU,1540695933,100,66.83,70.83,-4.13,5.61,1540695725,1540724251,7.9238888888888885
339,sibolga,20,ID,1540695933,90,1.74,98.78,25.12,0.31,1540681611,1540725024,12.059166666666666
340,ust-nera,36,RU,1540695934,74,64.57,143.24,-14.63,1.16,1540677503,1540707724,8.394722222222223
341,astrea,68,CO,1540695934,97,9.5,-73.98,23.8,1.06,1540723512,1540766038,11.812777777777777
342,zafra,92,ES,1540695934,97,38.43,-6.42,5.5,2.71,1540709266,1540747834,10.713333333333333
343,dolores,0,AR,1540695935,87,-36.31,-57.68,12.8,3.31,1540716629,1540765140,13.475277777777778
344,saldanha,20,PT,1540695935,92,41.42,-6.55,-0.16,2.41,1540709575,1540747583,10.557777777777778
345,alice springs,88,AU,1540693800,37,-23.7,133.88,28.0,6.7,1540671673,1540718137,12.906666666666666
346,zaozerne,92,UA,1540695936,99,51.37,23.94,5.57,1.51,1540703413,1540739099,9.912777777777778
347,kitui,92,KE,1540695936,98,-1.37,38.02,17.55,1.51,1540696019,1540739782,12.15638888888889
348,rock springs,1,US,1540691640,40,41.59,-109.2,12.0,5.1,1540734248,1540772180,10.536666666666667
349,villa del rosario,40,CO,1540692000,78,7.83,-72.47,27.0,2.1,1540723054,1540765772,11.866111111111111
350,vinh,100,VN,1540695937,100,18.67,105.69,22.72,3.46,1540680922,1540722384,11.517222222222221
351,makakilo city,40,US,1540691820,58,21.35,-158.09,29.0,4.6,1540744416,1540785496,11.411111111111111
352,vao,92,EE,1540695939,95,59.1,26.19,3.07,7.61,1540704219,1540737201,9.161666666666667
353,horconcitos,88,PA,1540695939,99,8.47,-81.8,21.45,0.91,1540725330,1540767974,11.845555555555556
354,nenjiang,80,CN,1540695999,76,49.17,125.23,0.55,8.11,1540678779,1540715119,10.094444444444445
355,okha,92,RU,1540695999,98,53.59,142.95,6.07,13.01,1540675145,1540710242,9.749166666666667
356,kantabanji,0,IN,1540696000,41,20.47,82.92,25.72,1.76,1540686499,1540727734,11.454166666666667
357,kristinehamn,36,SE,1540695000,80,59.31,14.11,1.0,5.7,1540707169,1540740049,9.133333333333333
358,ust-maya,76,RU,1540696000,60,60.42,134.54,-7.46,2.66,1540678466,1540710946,9.022222222222222
359,boa vista,0,BR,1540695600,69,2.82,-60.67,28.0,4.1,1540719939,1540763228,12.024722222222222
360,faanui,44,PF,1540696002,100,-16.48,-151.75,27.57,4.21,1540740667,1540786230,12.65638888888889
361,mindelo,0,PT,1540693800,81,41.31,-8.72,7.0,2.6,1540710086,1540748114,10.563333333333333
362,port macquarie,90,AU,1540692000,63,-31.43,152.91,19.0,7.2,1540666540,1540714145,13.223611111111111
363,amga,48,RU,1540696003,61,60.89,131.98,-7.71,2.81,1540679193,1540711447,8.959444444444445
364,santa rosa,92,AR,1540696005,90,-36.62,-64.29,16.2,1.21,1540718185,1540766757,13.492222222222223
365,college,90,US,1540692360,93,64.86,-147.8,0.0,1.31,1540747607,1540777312,8.251388888888888
366,loreto,0,PY,1540696005,76,-23.27,-57.32,18.37,3.66,1540717568,1540764012,12.901111111111112
367,masterton,8,NZ,1540695784,72,-40.95,175.66,16.75,5.01,1540660224,1540709555,13.703055555555556
368,nantucket,90,US,1540694940,100,41.28,-70.1,16.0,6.2,1540724826,1540762835,10.558055555555555
369,hasaki,75,JP,1540693800,68,35.73,140.83,19.0,5.7,1540673671,1540712755,10.856666666666667
370,doha,75,QA,1540693800,66,25.29,51.53,29.0,5.1,1540694346,1540734950,11.278888888888888
371,gari,32,RU,1540696006,64,59.43,62.35,1.4,3.66,1540695598,1540728465,9.129722222222222
372,kozhva,56,RU,1540696007,87,65.11,57.05,-3.26,2.56,1540698413,1540728181,8.268888888888888
373,dharchula,0,IN,1540696007,63,29.85,80.53,3.9,0.76,1540687699,1540727674,11.104166666666666
374,berdigestyakh,0,RU,1540696007,75,62.1,126.7,-6.81,2.21,1540680766,1540712405,8.788611111111111
375,tezu,12,IN,1540696008,45,27.93,96.16,20.95,0.16,1540683810,1540724063,11.18138888888889
376,nurota,90,UZ,1540693800,87,40.56,65.69,8.0,5.1,1540692141,1540730345,10.612222222222222
377,dalbandin,20,PK,1540696077,56,28.9,64.41,16.62,0.96,1540691502,1540731609,11.140833333333333
378,boralday,75,KZ,1540693800,58,43.36,76.86,12.0,1.0,1540689734,1540727388,10.459444444444445
379,bozoum,80,CF,1540696009,91,6.31,16.38,20.07,1.11,1540701642,1540744539,11.915833333333333
380,saint-pierre,68,FR,1540693800,93,48.95,4.24,4.0,3.6,1540707821,1540744150,10.091388888888888
381,kem,0,UG,1540696010,99,2.68,33.77,16.72,1.41,1540697265,1540740572,12.029722222222222
382,carnarvon,0,ZA,1540696016,26,-30.97,22.13,12.4,0.66,1540697943,1540745512,13.213611111111112
383,lompoc,90,US,1540694280,93,34.64,-120.46,17.0,1.5,1540736331,1540775508,10.8825
384,bunda,48,TZ,1540696017,100,-2.02,33.87,17.87,2.16,1540696978,1540740815,12.176944444444445
385,mayo,20,CA,1540692000,86,63.59,-135.9,-3.0,1.16,1540744339,1540774871,8.481111111111112
386,foshan,0,CN,1540693800,27,23.02,113.11,25.0,4.0,1540679412,1540720329,11.365833333333333
387,antofagasta,90,CL,1540692000,67,-23.65,-70.4,16.0,2.6,1540720679,1540767179,12.916666666666666
388,barmer,0,IN,1540696018,39,25.74,71.4,22.32,1.31,1540689605,1540730154,11.26361111111111
389,bombay,90,US,1540695180,100,44.94,-74.57,2.0,7.7,1540726279,1540763524,10.345833333333333
390,luderitz,24,NA,1540692000,41,-26.65,15.16,26.0,1.0,1540699943,1540746852,13.030277777777778
391,sao luiz gonzaga,0,BR,1540695847,84,-28.41,-54.96,16.37,3.66,1540716631,1540763821,13.108333333333333
392,severnyy-kospashskiy,88,RU,1540696020,79,59.09,57.8,-0.71,6.61,1540696618,1540729630,9.17
393,camocim,0,BR,1540696020,85,-2.9,-40.84,24.55,5.81,1540714857,1540758795,12.205
394,nabire,20,ID,1540696021,60,-3.36,135.5,29.32,1.21,1540672515,1540716500,12.218055555555555
395,anaconda,1,US,1540695180,64,46.13,-112.94,2.0,1.5,1540735631,1540772587,10.265555555555556
396,burgeo,48,CA,1540696022,100,47.61,-57.61,5.2,2.86,1540722514,1540759146,10.175555555555556
397,espanola,92,CA,1540696022,81,46.27,-81.77,2.47,2.96,1540728159,1540765098,10.260833333333334
398,punta alta,0,AR,1540692000,63,-27.46,-55.82,19.0,2.6,1540716909,1540763956,13.06861111111111
399,altamira,0,BR,1540696023,70,-3.2,-52.21,27.72,2.41,1540717569,1540761541,12.214444444444444
400,nhulunbuy,40,AU,1540693800,55,-12.18,136.78,31.0,5.1,1540671703,1540716704,12.500277777777777
401,mashhad,90,IR,1540693800,93,36.3,59.61,9.0,6.2,1540693224,1540732185,10.8225
402,hofn,92,IS,1540696084,100,64.25,-15.21,4.45,11.21,1540715515,1540745765,8.402777777777779
403,yanggu,0,CN,1540696085,49,25.39,116.32,20.1,1.31,1540678797,1540719402,11.279166666666667
404,mahajanga,40,MG,1540692000,94,-15.72,46.32,23.0,2.1,1540693194,1540738634,12.622222222222222
405,magan,40,RU,1540693800,84,62.1,129.53,-13.0,1.26,1540680086,1540711727,8.789166666666667
406,honiara,40,SB,1540692000,74,-9.43,159.96,30.0,4.1,1540666302,1540710977,12.409722222222221
407,ixtapa,75,MX,1540691040,83,20.71,-105.21,28.0,1.5,1540731680,1540772852,11.436666666666667
408,samarinda,20,ID,1540696062,69,-0.5,117.14,31.12,1.31,1540677080,1540720744,12.12888888888889
409,menongue,68,AO,1540696086,33,-14.66,17.68,19.8,2.06,1540700130,1540745444,12.587222222222222
410,soller,0,DE,1540695300,100,50.73,6.56,5.0,1.5,1540707500,1540743355,9.959722222222222
411,sur,44,OM,1540696087,100,22.57,59.53,25.32,0.26,1540692247,1540733211,11.37888888888889
412,tocopilla,36,CL,1540696087,100,-22.09,-70.2,13.55,0.41,1540720738,1540767023,12.856944444444444
413,navolato,5,MX,1540690800,74,24.76,-107.7,27.0,2.6,1540732541,1540773182,11.289166666666667
414,belyy yar,20,RU,1540693800,92,53.6,91.39,-3.0,0.91,1540687538,1540722597,9.738611111111112
415,bosobolo,68,CD,1540696088,97,4.19,19.88,20.12,2.51,1540700683,1540743820,11.9825
416,caravelas,56,BR,1540696088,100,-17.73,-39.27,25.22,11.96,1540713603,1540759308,12.695833333333333
417,yuzhou,0,CN,1540692000,12,34.16,113.47,22.0,7.0,1540680115,1540719444,10.924722222222222
418,praia da vitoria,75,PT,1540692000,68,38.73,-27.07,18.0,7.21,1540714252,1540752758,10.696111111111112
419,tabas,92,IR,1540696089,87,33.6,56.92,14.55,1.51,1540693651,1540733051,10.944444444444445
420,qaqortoq,88,GL,1540695000,74,60.72,-46.03,1.0,3.6,1540721953,1540754128,8.9375
421,tahe,92,CN,1540696090,68,52.34,124.71,-1.63,5.56,1540679339,1540714805,9.851666666666667
422,roald,0,NO,1540695000,100,62.58,6.12,0.0,3.1,1540709893,1540741153,8.683333333333334
423,visby,56,SE,1540695000,60,57.64,18.3,4.0,6.2,1540705815,1540739395,9.327777777777778
424,natal,20,BR,1540695600,69,-5.81,-35.21,26.0,3.6,1540713341,1540757611,12.297222222222222
425,margate,75,AU,1540693800,76,-43.03,147.26,14.0,3.1,1540666811,1540716604,13.831388888888888
426,tautira,40,PF,1540693800,69,-17.73,-149.15,28.0,3.1,1540739964,1540785687,12.700833333333334
427,nueva loja,0,EC,1540696092,92,0.08,-76.88,23.45,0.86,1540723675,1540767274,12.110833333333334
428,groa,88,FR,1540693800,93,48.67,-4.14,6.0,3.6,1540709799,1540746195,10.11
429,san vicente,40,SV,1540691400,100,13.64,-88.78,25.0,3.6,1540727305,1540769346,11.678055555555556
430,cayenne,88,GF,1540693800,88,4.94,-52.33,27.0,1.0,1540718056,1540761105,11.958055555555555
431,eureka,90,US,1540694100,72,40.8,-124.16,18.0,1.5,1540737765,1540775845,10.577777777777778
432,iracoubo,64,GF,1540696094,91,5.48,-53.21,25.07,1.56,1540718298,1540761286,11.94111111111111
433,abonnema,20,NG,1540692000,94,4.71,6.79,25.0,1.31,1540703854,1540746932,11.966111111111111
434,isa khel,20,AF,1540696095,67,36.67,68.84,13.87,1.56,1540691038,1540729940,10.806111111111111
435,lodja,48,CD,1540696095,95,-3.52,23.6,21.6,1.01,1540699359,1540743365,12.223888888888888
436,san quintin,75,PH,1540695600,54,17.54,120.52,29.0,4.1,1540677294,1540718895,11.555833333333334
437,umred,0,IN,1540693800,64,20.85,79.32,24.0,2.06,1540687387,1540728574,11.440833333333334
438,nortelandia,8,BR,1540696002,92,-14.45,-56.8,24.45,1.16,1540718013,1540763310,12.5825
439,khairpur nathan shah,0,PK,1540696096,66,27.09,67.73,23.57,2.76,1540690578,1540730941,11.211944444444445
440,shache,0,CN,1540696096,64,38.42,77.24,5.1,1.31,1540689172,1540727773,10.7225
441,aykhal,88,RU,1540696097,85,65.95,111.51,-0.46,5.86,1540685605,1540714848,8.123055555555556
442,pangnirtung,88,CA,1540696097,98,66.15,-65.72,-4.93,2.76,1540728319,1540757200,8.0225
443,jacareacanga,0,BR,1540696097,91,-6.22,-57.76,25.9,0.91,1540718729,1540763048,12.310833333333333
444,talnakh,88,RU,1540696098,93,69.49,88.39,-1.66,9.71,1540692710,1540718829,7.255277777777778
445,hobyo,12,SO,1540696158,100,5.35,48.53,23.12,2.31,1540693872,1540736879,11.946388888888889
446,coihaique,0,CL,1540692000,81,-45.58,-72.07,10.0,1.0,1540719095,1540769598,14.028611111111111
447,rosarito,40,CO,1540692000,100,4.91,-75.23,22.0,1.5,1540723551,1540766602,11.95861111111111
448,alvaraes,0,BR,1540696159,94,-3.22,-64.8,25.37,1.16,1540720589,1540764564,12.215277777777779
449,siocon,76,PH,1540696159,95,11.03,124.04,28.8,6.06,1540676069,1540718435,11.768333333333333
450,nome,1,US,1540695300,82,30.04,-94.42,18.0,3.46,1540729722,1540769622,11.083333333333334
451,ambon,0,FR,1540693800,93,47.55,-2.56,2.0,3.1,1540709281,1540745956,10.1875
452,bom jesus da lapa,68,BR,1540696160,87,-13.25,-43.41,24.7,1.41,1540714873,1540760021,12.54111111111111
453,macapa,0,BR,1540695600,70,0.05,-51.07,29.0,5.1,1540717479,1540761082,12.111944444444445
454,nouakchott,76,MR,1540696161,98,18.08,-15.98,22.97,7.36,1540710095,1540751610,11.531944444444445
455,husavik,76,CA,1540696161,93,50.56,-96.99,4.3,4.01,1540732358,1540768199,9.955833333333333
456,gravdal,0,NO,1540695000,64,59.79,5.78,1.0,4.1,1540709279,1540741936,9.071388888888889
457,mahenge,24,TZ,1540696162,52,-8.68,36.72,25.87,3.86,1540695916,1540740514,12.388333333333334
458,along,0,IN,1540696162,40,28.17,94.8,20.72,0.86,1540684153,1540724372,11.171944444444444
459,kirakira,36,SB,1540696162,100,-10.46,161.92,28.55,3.41,1540665772,1540710567,12.443055555555556
460,bacolod,92,PH,1540696163,74,10.68,122.95,28.0,2.96,1540676310,1540718717,11.779722222222222
461,georgiyevka,100,RU,1540696163,95,52.25,40.45,7.6,7.46,1540699573,1540735013,9.844444444444445
462,saint anthony,75,US,1540691760,57,43.97,-111.68,12.0,3.6,1540735089,1540772527,10.399444444444445
463,tura,0,IN,1540696164,81,25.52,90.21,24.75,1.46,1540685074,1540725656,11.272777777777778
464,luanda,75,AO,1540692000,83,-8.83,13.24,26.0,3.1,1540701541,1540746159,12.393888888888888
465,chekmagush,8,RU,1540696165,88,55.14,54.65,-1.88,4.21,1540696620,1540731147,9.590833333333334
466,the valley,20,AI,1540692000,78,18.22,-63.06,27.0,4.1,1540721405,1540762897,11.525555555555556
467,colares,40,PT,1540693800,81,38.8,-9.45,11.0,2.6,1540710027,1540748526,10.694166666666666
468,weyburn,56,CA,1540696166,42,49.67,-103.85,6.32,5.96,1540733885,1540769965,10.022222222222222
469,inuvik,90,CA,1540692000,92,68.36,-133.71,-5.0,2.1,1540745612,1540772534,7.4783333333333335
470,kamloops,90,CA,1540692000,75,50.68,-120.34,8.0,5.1,1540737985,1540773779,9.942777777777778
471,nyurba,80,RU,1540696167,62,63.29,118.35,-3.61,4.51,1540683102,1540714074,8.603333333333333
472,matagami,56,NG,1540696167,85,9.67,8.4,18.72,1.16,1540703748,1540746261,11.809166666666666
473,umea,76,SE,1540695000,79,63.83,20.26,-3.0,4.1,1540706854,1540737403,8.485833333333334
474,oranjemund,12,ZA,1540696168,98,-28.55,16.43,16.3,0.31,1540699497,1540746690,13.109166666666667
475,minot,1,US,1540695240,42,48.23,-101.3,7.0,7.2,1540733087,1540769542,10.126388888888888
476,toamasina,75,MG,1540692000,94,-18.17,49.38,20.0,1.16,1540692307,1540738055,12.707777777777778
477,madison heights,90,US,1540694580,87,42.49,-83.11,7.0,2.6,1540728072,1540765833,10.489166666666666
478,port-gentil,68,GA,1540695890,98,-0.72,8.78,26.32,4.46,1540703072,1540746762,12.136111111111111
479,khani,0,GE,1540693800,58,41.96,42.96,14.0,9.8,1540697736,1540735658,10.533888888888889
480,zurrieq,88,MT,1540692900,83,35.83,14.47,23.0,7.7,1540704025,1540743050,10.840277777777779
481,san patricio,0,PY,1540696170,76,-26.98,-56.83,15.57,1.61,1540717186,1540764162,13.04888888888889
482,le port,92,FR,1540696099,95,42.87,1.37,-4.81,0.71,1540707818,1540745538,10.477777777777778
483,vostok,88,RU,1540696170,75,46.45,135.83,-0.96,2.11,1540675904,1540712910,10.279444444444444
484,yerofey pavlovich,56,RU,1540696171,49,53.97,121.97,-3.03,5.36,1540680247,1540715209,9.711666666666666
485,vestmannaeyjar,92,IS,1540696171,100,63.44,-20.27,5.07,14.81,1540716485,1540747226,8.539166666666667
486,awbari,0,LY,1540696171,80,26.59,12.77,11.35,1.21,1540703740,1540744159,11.2275
487,mangaluru,0,IN,1540695600,69,12.87,74.84,26.0,2.1,1540687984,1540730133,11.708055555555555
488,plano,1,US,1540695300,82,33.01,-96.69,21.0,1.96,1540730493,1540769939,10.957222222222223
489,el limon,12,VE,1540696172,99,10.3,-67.63,20.82,1.21,1540722033,1540764468,11.7875
490,aktau,0,KZ,1540693800,100,43.65,51.16,0.0,4.0,1540695938,1540733519,10.439166666666667
491,mareeba,20,AU,1540693800,62,-16.99,145.42,29.0,6.7,1540669340,1540714924,12.662222222222223
492,paracuru,20,BR,1540695600,78,-3.41,-39.03,26.0,3.6,1540714394,1540758390,12.221111111111112
493,muravlenko,20,RU,1540696233,82,63.79,74.5,-3.68,5.56,1540693796,1540724426,8.508333333333333
494,sambava,64,MG,1540696233,100,-14.27,50.17,22.75,4.46,1540692359,1540737621,12.572777777777778
495,gladstone,0,AU,1540696234,70,-23.84,151.26,29.35,4.41,1540667494,1540713974,12.911111111111111
496,manchester,20,GB,1540695000,76,53.48,-2.24,5.0,2.6,1540710020,1540745055,9.731944444444444
497,nemuro,20,JP,1540692000,44,43.32,145.57,15.0,5.7,1540673225,1540710917,10.47
498,lahaina,75,US,1540691760,74,20.87,-156.68,28.0,6.7,1540744046,1540785189,11.428611111111111
499,tashtyp,0,RU,1540696235,70,52.8,89.89,-2.66,1.06,1540687775,1540723081,9.807222222222222
500,laredo,1,US,1540695360,68,27.51,-99.51,20.0,2.1,1540730763,1540771027,11.184444444444445
501,bhilwara,0,IN,1540696074,52,25.35,74.64,22.1,1.41,1540688801,1540729403,11.278333333333334
502,smoky lake,20,CA,1540696237,51,54.11,-112.47,4.95,5.01,1540736612,1540771370,9.655
503,peterhead,75,AU,1540693800,52,-34.83,138.5,20.0,5.7,1540669713,1540717892,13.383055555555556
504,mubende,48,UG,1540696238,94,0.56,31.4,16.05,1.21,1540697716,1540741261,12.095833333333333
505,fukue,20,JP,1540693800,48,35.03,136.69,19.0,2.1,1540674608,1540713805,10.888055555555555
506,lokosovo,88,RU,1540696238,93,61.13,74.84,1.1,3.66,1540692991,1540725075,8.912222222222223
507,cauquenes,64,CL,1540696239,94,-35.97,-72.32,10.87,1.81,1540720170,1540768625,13.459722222222222
508,mokrousovo,64,RU,1540696239,71,55.81,66.77,0.07,5.11,1540693823,1540728125,9.528333333333334
509,ust-omchug,24,RU,1540696239,81,61.13,149.63,-2.36,1.51,1540675007,1540707160,8.93138888888889
510,kenai,90,US,1540691760,70,60.55,-151.26,8.0,3.1,1540747213,1540779376,8.934166666666666
511,flinders,75,AU,1540692000,42,-34.58,150.85,18.0,3.6,1540666773,1540714904,13.369722222222222
512,ailigandi,88,PA,1540696240,100,9.23,-78.02,24.25,1.16,1540724466,1540767023,11.821388888888889
513,pueblo,1,US,1540691880,34,38.25,-104.61,18.0,2.6,1540732833,1540771396,10.711944444444445
514,sobolevo,76,RU,1540696241,95,54.43,31.9,5.55,6.11,1540701968,1540736719,9.653055555555556
515,luena,0,AO,1540696241,42,-11.78,19.91,16.62,2.81,1540699768,1540744733,12.490277777777777
516,oksfjord,88,NO,1540695000,74,70.24,22.35,0.0,6.2,1540709027,1540734207,6.9944444444444445
517,taoudenni,0,ML,1540696241,38,22.68,-3.98,16.7,1.21,1540707502,1540748440,11.371666666666666
518,isla mujeres,75,MX,1540691040,100,21.23,-86.73,24.0,1.5,1540727276,1540768385,11.419166666666667
519,del rio,1,US,1540695360,82,29.36,-100.9,20.0,2.6,1540731229,1540771227,11.110555555555555
520,nishihara,40,JP,1540695360,45,35.74,139.53,20.0,3.41,1540673984,1540713066,10.856111111111112
521,balkanabat,0,TM,1540696242,79,39.51,54.36,0.55,0.96,1540694765,1540733160,10.665277777777778
522,liverpool,20,GB,1540695000,86,53.41,-2.98,5.0,5.7,1540710187,1540745244,9.738055555555556
523,freeport,48,BS,1540696129,100,26.54,-78.7,25.75,2.51,1540725699,1540766103,11.223333333333333
524,lorengau,12,PG,1540696243,99,-2.02,147.27,29.25,1.11,1540669765,1540713599,12.176111111111112
525,havre-saint-pierre,40,CA,1540692000,85,50.23,-63.6,-7.0,2.1,1540724290,1540760241,9.98638888888889
526,naliya,0,IN,1540696244,36,23.26,68.83,25.2,1.51,1540690059,1540730935,11.354444444444445
527,carnot,92,CF,1540696244,96,4.94,15.87,21.15,1.51,1540701688,1540744739,11.95861111111111
528,yangambi,24,CD,1540696244,100,0.77,24.47,19.4,1.01,1540699391,1540742912,12.089166666666667
529,liberal,1,US,1540695180,58,37.04,-100.92,15.0,5.7,1540731840,1540770618,10.771666666666667
530,junagarh,0,IN,1540696246,45,19.86,82.94,25.1,1.16,1540686457,1540727768,11.475277777777778
531,narsaq,80,GL,1540695000,74,60.91,-46.05,1.0,3.6,1540722004,1540754086,8.911666666666667
532,japura,64,ID,1540696306,83,-0.42,102.29,27.65,1.31,1540680648,1540724304,12.126666666666667
533,nizwa,8,OM,1540696307,79,22.93,57.53,18.7,1.31,1540692751,1540733668,11.365833333333333
534,anaco,0,VE,1540696307,53,9.43,-64.46,27.05,6.01,1540721223,1540763758,11.815277777777778
535,qasigiannguit,36,GL,1540695000,100,68.82,-51.19,-2.0,0.5,1540725971,1540752565,7.387222222222222
536,wellington,0,NZ,1540693800,63,-41.29,174.78,17.0,10.8,1540660400,1540709802,13.722777777777777
537,wilmington,90,US,1540695300,100,39.75,-75.55,9.0,5.1,1540725990,1540764289,10.63861111111111
538,lakatoro,20,VU,1540696309,83,-16.11,167.42,27.87,0.26,1540664116,1540709588,12.63111111111111
539,port augusta,90,AU,1540692000,77,-32.49,137.76,19.0,1.0,1540670088,1540717870,13.272777777777778
540,emerald,0,AU,1540696309,29,-23.53,148.16,38.37,1.91,1540668259,1540714697,12.899444444444445
541,nelson bay,75,AU,1540694400,77,-32.72,152.14,17.0,6.2,1540666620,1540714436,13.282222222222222
542,masunga,0,BW,1540696310,56,-20.62,27.45,14.37,5.56,1540697410,1540743480,12.797222222222222
543,kirkwall,76,GB,1540695000,75,58.98,-2.96,6.0,4.6,1540711202,1540744210,9.168888888888889
544,slave lake,75,CA,1540695600,80,55.28,-114.77,4.0,3.1,1540737363,1540771721,9.543888888888889
545,sokoto,0,NG,1540696311,83,13.06,5.24,23.05,1.26,1540704702,1540746822,11.7
546,bang saphan,75,TH,1540695600,70,11.21,99.51,32.0,2.1,1540681967,1540724311,11.762222222222222
547,mildura,92,AU,1540696311,63,-34.18,142.16,19.9,2.01,1540668891,1540716956,13.35138888888889
